"id","dispositivo_id","timestamp","n_muestras","actividad","vedba_media","vedba_max","pitch_medio","roll_medio","sector_raw_id","medicion_rapida_id","comportamiento_predicho"
1,4,2026-08-29 16:22:47.960 +0200,13,0,0.01156281999243545,0.027749705741346494,-2.519522638362945,-53.98350707648373,34,1,Lying chest
2,4,2026-08-29 16:22:48.960 +0200,12,0,0.011978196418247489,0.022246958621179123,-2.5281075396850894,-53.43829536637451,34,14,Lying chest
3,4,2026-08-29 16:22:49.960 +0200,13,0,0.02118697402089522,0.04058407879300762,-2.606512673856924,-53.0999943059168,34,26,Lying chest
4,4,2026-08-29 16:22:50.960 +0200,12,0,0.01634699982034425,0.024376819738294076,-2.635245001072444,-52.38789375579638,34,39,Lying chest
5,4,2026-08-29 16:22:51.960 +0200,13,0,0.020277261315172317,0.03717173971670258,-2.442118620637059,-51.43814303618167,34,51,Lying chest
6,4,2026-08-29 16:22:52.960 +0200,12,0,0.01391824910455694,0.031713016536777744,-2.264507042596622,-51.25240108387288,34,64,Lying chest
7,4,2026-08-29 16:22:53.960 +0200,13,0,0.03623911307472188,0.12471680853624613,-2.2564045942304185,-51.54976495751903,34,76,Lying chest
8,4,2026-08-29 16:22:54.960 +0200,12,0,0.14642476129344442,0.20542343028567792,-2.9164348324651512,-55.487415107857565,34,89,Lying chest
9,4,2026-08-29 16:22:55.960 +0200,13,0,0.19985717557592714,0.5568256767769972,-4.113116348992687,-62.15284063767296,34,101,Lying chest
10,4,2026-08-29 16:22:56.960 +0200,12,0,0.1129940312520295,0.19716155986374312,-1.6393762948743411,-68.21498303061044,34,114,Lying chest
11,4,2026-08-29 16:22:57.960 +0200,13,0,0.08745128042545673,0.13352005926082317,1.5823724457020885,-70.38589469281793,34,126,Lying chest
12,4,2026-08-29 16:22:58.960 +0200,12,0,0.1301503854771711,0.2765009553609971,-1.46181996616884,-69.76879367528501,34,139,Lying chest
13,4,2026-08-29 16:22:59.960 +0200,13,0,0.05011959700226014,0.12565073565773607,-6.8247943647606055,-69.32607837753399,34,151,Lying chest
14,4,2026-08-29 16:23:00.960 +0200,12,0,0.04778696758013992,0.0700786866980999,-8.297208757065205,-69.07414697250313,34,164,Lying chest
15,4,2026-08-29 16:23:01.960 +0200,13,0,0.08326782017695374,0.11675315155905452,-6.045281298716996,-68.28132992638287,34,176,Lying chest
16,4,2026-08-29 16:23:02.960 +0200,12,0,0.1054219712557355,0.141271245337664,-2.3964568717164663,-65.62783341221332,34,189,Lying chest
17,4,2026-08-29 16:23:03.960 +0200,13,0,0.05436828343937535,0.0950458467431976,0.005047672013159506,-61.248559263797986,34,201,Lying chest
18,4,2026-08-29 16:23:04.960 +0200,12,0,0.02120911104011422,0.03330753237846351,0.6283660380225643,-58.6702122056444,34,214,Lying chest
19,4,2026-08-29 16:23:05.960 +0200,13,0,0.022370942550082536,0.07314993033963144,0.7389663946383802,-58.28017536848259,34,226,Lying chest
20,4,2026-08-29 16:23:06.960 +0200,12,0,0.024911293720227833,0.040081676898338324,0.6644481490998466,-57.95058129748028,34,239,Lying chest
21,4,2026-08-29 16:23:07.960 +0200,13,0,0.02995227630713223,0.052343300660894924,0.9082448419994219,-57.7156026571416,34,251,Lying chest
22,4,2026-08-29 16:23:08.960 +0200,12,0,0.03755776094884183,0.11304186247684343,1.0802894852252536,-58.09048510951328,34,264,Lying chest
23,4,2026-08-29 16:23:09.960 +0200,13,0,0.02322126897867348,0.035329417337082517,0.3652826855470575,-58.91697993714756,34,276,Lying chest
24,4,2026-08-29 16:23:10.960 +0200,12,0,0.03898218148880488,0.06679818063988043,-0.4877833253811182,-58.95625189660739,34,289,Lying chest
25,4,2026-08-29 16:23:11.960 +0200,13,0,0.08469817941390936,0.2567864198009911,-0.2773528014665054,-57.169689098066,34,301,Lying chest
26,4,2026-08-29 16:23:12.960 +0200,12,0,0.26773596862631766,1.2873399544099808,0.25600997033095135,-55.50733266364247,34,314,Walking
27,4,2026-08-29 16:23:14.960 +0200,11,0,0.04238108883753497,0.09334644244014216,6.899701773262388,-55.77918926152295,34,354,Lying chest
28,4,2026-08-29 16:23:15.960 +0200,13,0,0.026014902616239285,0.05104721700626767,5.431149225660257,-57.55230183630526,34,365,Lying chest
29,4,2026-08-29 16:23:16.960 +0200,12,0,0.01989190287297623,0.035038815160450355,4.916029816720134,-58.22465667096905,34,378,Lying chest
30,4,2026-08-29 16:23:17.960 +0200,13,0,0.02146868081672595,0.050125368778080326,4.806400675055229,-58.4497061578754,34,390,Lying chest
31,4,2026-08-29 16:23:18.960 +0200,12,0,0.024990788225510815,0.04705848310939993,4.795551419599656,-58.426207807455334,34,403,Lying chest
32,4,2026-08-29 16:23:19.960 +0200,13,0,0.02196451686678595,0.03656895963549731,4.938594806798954,-57.896455305685386,34,415,Lying chest
33,4,2026-08-29 16:23:20.960 +0200,12,0,0.028208150193028025,0.06009075255315226,5.094962474406341,-57.82083922632328,34,428,Lying chest
34,4,2026-08-29 16:23:21.960 +0200,13,0,0.026185940024787357,0.042608572616268346,5.006027299590517,-58.21207147239564,34,440,Lying chest
35,4,2026-08-29 16:23:22.960 +0200,12,0,0.026175104556957363,0.04720169864281206,5.067130898641197,-58.433529621356655,34,453,Lying chest
36,4,2026-08-29 16:23:23.960 +0200,13,0,0.018028585313912812,0.03586839782627036,5.284802790340639,-58.203504446733625,34,465,Lying chest
37,4,2026-08-29 16:23:24.960 +0200,12,0,0.01845572761054456,0.028593371863027548,5.354950396848018,-58.04589964014929,34,478,Lying chest
38,4,2026-08-29 16:23:25.960 +0200,13,0,0.02208994597964586,0.04378206712721275,5.347053881689523,-58.0730981008016,34,490,Lying chest
39,4,2026-08-29 16:23:26.960 +0200,12,0,0.027658636544034595,0.06126961432935623,5.342235003109464,-57.98437222515181,34,503,Lying chest
40,4,2026-08-29 16:23:27.960 +0200,13,0,0.016473862182177425,0.0376575520397182,5.584593344071408,-57.711539538528704,34,515,Lying chest
41,4,2026-08-29 16:23:28.960 +0200,12,0,0.01817190032943528,0.033353511464730264,5.745545944441905,-57.21760367175944,34,528,Lying chest
42,4,2026-08-29 16:23:29.960 +0200,13,0,0.01707961296446242,0.028967991643071647,5.894473469615575,-56.94150974545436,34,540,Lying chest
43,4,2026-08-29 16:23:30.960 +0200,12,0,0.0232452737626437,0.041306085605095064,6.179619505586256,-56.98145303466006,34,553,Lying chest
44,4,2026-08-29 16:23:31.960 +0200,13,0,0.020023147026067466,0.038868985081802275,6.154557502411472,-57.244218476736904,34,565,Lying chest
45,4,2026-08-29 16:23:32.960 +0200,12,0,0.015734366271245023,0.03128094476175533,6.252924252859228,-57.26028245717382,34,578,Lying chest
46,4,2026-08-29 16:23:33.960 +0200,13,0,0.01735825265484356,0.029848176318359225,6.58318469442705,-57.01726826200137,34,590,Lying chest
47,4,2026-08-29 16:23:34.960 +0200,12,0,0.016877310189641833,0.025370045934687415,6.618140583162705,-56.78897605648413,34,603,Lying chest
48,4,2026-08-29 16:23:35.960 +0200,13,0,0.014978467669305114,0.03131203559333131,6.5567228974597835,-56.559098615616435,34,615,Lying chest
49,4,2026-08-29 16:23:36.960 +0200,12,0,0.019573622133928492,0.029711877150500898,6.603084713231376,-56.721416116888065,34,628,Lying chest
50,4,2026-08-29 16:23:37.960 +0200,13,0,0.022803625766439854,0.05261416080325082,6.643192175822552,-56.814082718305066,34,640,Lying chest
51,4,2026-08-29 16:23:38.960 +0200,12,0,0.02030780714699573,0.04596601729889845,6.692605067319185,-56.70921321488415,34,653,Lying chest
52,4,2026-08-29 16:23:39.960 +0200,13,0,0.018738684786863302,0.03159772172935927,6.7948993324932285,-56.70982734323202,34,665,Lying chest
53,4,2026-08-29 16:23:40.960 +0200,14,0,0.018675006827352382,0.04642876175367205,6.836912031517853,-57.04576773656466,35,678,Lying chest
55,4,2026-08-29 16:23:41.960 +0200,12,0,0.06777016708136878,0.17592200127968177,6.47190216478295,-57.44305595308333,35,692,Lying chest
56,4,2026-08-29 16:23:42.960 +0200,13,0,0.16655135170908128,0.2610113889504047,3.9378924041743213,-60.27997752112786,35,704,Lying chest
57,4,2026-08-29 16:23:43.960 +0200,12,0,0.08475626289344945,0.1815013035840387,-2.4788595732329055,-61.31290387401236,35,717,Lying chest
58,4,2026-08-29 16:23:44.960 +0200,13,0,0.015837131535008132,0.029494455414533258,-6.47525965596374,-59.35994783048826,35,729,Lying chest
59,4,2026-08-29 16:23:45.960 +0200,12,0,0.021648950774723025,0.026243812195026698,-6.421183556082906,-58.98434116139706,35,742,Lying chest
60,4,2026-08-29 16:23:46.960 +0200,13,0,0.04251720367042096,0.1044298480168126,-6.398779893179817,-58.14594478704827,35,754,Lying chest
61,4,2026-08-29 16:23:47.960 +0200,12,0,0.02991792598680804,0.05659391110595825,-6.371301946629615,-57.01455971542996,35,767,Lying chest
62,4,2026-08-29 16:23:48.960 +0200,13,0,0.01841736704958468,0.029932058409222344,-6.336032497028473,-56.24229887805272,35,779,Lying chest
63,4,2026-08-29 16:23:49.960 +0200,12,0,0.022196920053200717,0.038721873319821465,-6.154871906102456,-55.82696804718778,35,792,Lying chest
64,4,2026-08-29 16:23:50.960 +0200,13,0,0.02550104529701697,0.04942218385081913,-5.679155538371321,-55.26803513430916,35,804,Lying chest
65,4,2026-08-29 16:23:51.960 +0200,12,0,0.017016508968301928,0.02713903470121128,-5.301727180431093,-54.64457892134814,35,817,Lying chest
66,4,2026-08-29 16:23:52.960 +0200,13,0,0.020582707819287095,0.03883690164950438,-5.068837880820291,-54.25964281563638,35,829,Lying chest
67,4,2026-08-29 16:23:53.960 +0200,12,0,0.022605410908931544,0.03590979661017629,-4.81599712542788,-54.46739222982989,35,842,Lying chest
68,4,2026-08-29 16:23:54.960 +0200,13,0,0.021424388802068053,0.04154399029435709,-4.820604513496644,-54.39009640804948,35,854,Lying chest
69,4,2026-08-29 16:23:55.960 +0200,12,0,0.025365857388349223,0.04656178928319273,-4.909041962532711,-54.19344312981122,35,867,Lying chest
70,4,2026-08-29 16:23:56.960 +0200,13,0,0.030678556374588953,0.05505981249101485,-4.886125370917289,-54.200556701865565,35,879,Lying chest
71,4,2026-08-29 16:23:57.960 +0200,12,0,0.10932065192405997,0.3019512524466542,-5.063793251105864,-53.71415795482046,35,892,Lying chest
72,4,2026-08-29 16:23:58.960 +0200,13,0,0.22396455385254413,0.36056323370393534,-10.640473015867643,-48.16528945942214,35,904,Lying chest
73,4,2026-08-29 16:23:59.960 +0200,12,0,0.1307541629271706,0.175530167970044,-13.278611349477474,-40.05782763962853,35,917,Lying chest
74,4,2026-08-29 16:24:00.960 +0200,13,0,0.07958110399802988,0.1482956830025949,-7.703982293994525,-38.58618647399416,35,929,Lying chest
75,4,2026-08-29 16:24:01.960 +0200,12,0,0.03369024622694455,0.06469660026927918,-3.834713563702357,-39.96873300073346,35,942,Lying chest
76,4,2026-08-29 16:24:02.960 +0200,13,0,0.013468819819133225,0.026743485896479586,-2.600989484794229,-40.40966717163835,35,954,Lying chest
77,4,2026-08-29 16:24:03.960 +0200,12,0,0.02174701431353949,0.04031732752083453,-2.3309847979424734,-40.68081209629515,35,967,Lying chest
78,4,2026-08-29 16:24:04.960 +0200,13,0,0.023917130305758913,0.043058825597698636,-1.7408720875397539,-40.95313101412652,35,979,Lying chest
79,4,2026-08-29 16:24:05.960 +0200,12,0,0.018076893299523607,0.03967234795353435,-0.9299153707972794,-40.94875461841638,35,992,Lying chest
80,4,2026-08-29 16:24:07.960 +0200,11,0,0.22478735345119788,0.5387065237297503,-4.719120274908883,-45.099731456603905,35,1032,Lying chest
81,4,2026-08-29 16:24:08.960 +0200,13,0,0.18114702208569522,0.3699164216502194,-8.822124168637806,-59.42999263653101,35,1043,Lying chest
82,4,2026-08-29 16:24:09.960 +0200,12,0,0.1672052574476763,0.22249294296603064,-5.324364990288266,-63.01476377834714,35,1056,Lying chest
83,4,2026-08-29 16:24:10.960 +0200,13,0,0.19289590281899918,0.32801136704990586,0.47214778983215233,-59.254831423107106,35,1068,Lying chest
84,4,2026-08-29 16:24:11.960 +0200,12,0,0.09365522989463053,0.1790304542746217,2.1795338009846814,-59.780448533334976,35,1081,Lying chest
85,4,2026-08-29 16:24:12.960 +0200,13,0,0.07752851184004982,0.11298026979838614,3.5289753552551413,-58.407759006085854,35,1093,Lying chest
86,4,2026-08-29 16:24:13.960 +0200,12,0,0.04709444675559816,0.08071508859917477,5.1689586358868524,-53.95025427271849,35,1106,Lying chest
87,4,2026-08-29 16:24:14.960 +0200,13,0,0.028419008364074856,0.06184884452943204,5.766979992570272,-52.353685411359386,35,1118,Lying chest
88,4,2026-08-29 16:24:15.960 +0200,12,0,0.022823760306431694,0.0464482568781284,6.205044104574952,-51.69014357091758,35,1131,Lying chest
89,4,2026-08-29 16:24:16.960 +0200,13,0,0.022367166816620657,0.03407038396186218,6.668749755704562,-51.58251610224912,35,1143,Lying chest
90,4,2026-08-29 16:24:17.960 +0200,12,0,0.02485227727032262,0.04305364621280179,6.95898712027175,-51.618211518055396,35,1156,Lying chest
91,4,2026-08-29 16:24:18.960 +0200,13,0,0.024031383248429843,0.04249961656509664,7.024819297104161,-51.408157114460735,35,1168,Lying chest
92,4,2026-08-29 16:24:19.960 +0200,12,0,0.022310813806738206,0.03538077345734202,7.079922733487581,-51.046514863865674,35,1181,Lying chest
93,4,2026-08-29 16:24:20.960 +0200,13,0,0.0214830884020776,0.048175781259897854,7.386147619615575,-50.450793543736005,35,1193,Lying chest
94,4,2026-08-29 16:24:21.960 +0200,12,0,0.022603369018657813,0.04589383158197935,7.433253318787071,-50.0120695955824,35,1206,Lying chest
95,4,2026-08-29 16:24:22.960 +0200,13,0,0.020222178529489987,0.040586274396215885,7.356955022896377,-50.046056186351166,35,1218,Lying chest
96,4,2026-08-29 16:24:23.960 +0200,12,0,0.01998424533503462,0.04286559578436473,7.422311131415474,-50.11240533659346,35,1231,Lying chest
97,4,2026-08-29 16:24:24.960 +0200,13,0,0.031657878620276865,0.08019484722821908,7.287787294633743,-50.29288915665817,35,1243,Lying chest
98,4,2026-08-29 16:24:25.960 +0200,12,0,0.0396297400699143,0.07163937699656732,6.97106551550807,-51.50943088490984,35,1256,Lying chest
99,4,2026-08-29 16:24:26.960 +0200,13,0,0.03662615823352891,0.08313228446191204,6.721198301081623,-52.582122629858304,35,1268,Lying chest
100,4,2026-08-29 16:24:27.960 +0200,12,0,0.029658614233491986,0.06875138506794598,6.928621532359366,-51.835001789173674,35,1281,Lying chest
101,4,2026-08-29 16:24:28.960 +0200,13,0,0.022867995574871975,0.03705610157638836,7.3461497423856965,-50.7715627031852,35,1293,Lying chest
102,4,2026-08-29 16:24:29.960 +0200,12,0,0.025387773503731725,0.06419404252982598,7.562272935975599,-50.425957075072944,35,1306,Lying chest
103,4,2026-08-29 16:24:30.960 +0200,13,0,0.022624632679092784,0.03155966604370363,7.778195861173036,-49.94237772208486,35,1318,Lying chest
104,4,2026-08-29 16:24:31.960 +0200,12,0,0.021333019766746605,0.03487142823499982,7.873349896838506,-49.69797830357849,35,1331,Lying chest
105,4,2026-08-29 16:24:32.960 +0200,13,0,0.022989609317766564,0.03980345180341674,7.769895742793485,-49.56308463459496,35,1343,Lying chest
106,4,2026-08-29 16:24:33.960 +0200,11,0,0.02191896125897909,0.049004831050692595,7.198843299509026,-51.297098223816356,36,1371,Lying chest
108,4,2026-08-29 16:24:34.960 +0200,13,0,0.01931793097201602,0.039791493601785334,6.911479354445539,-51.28181033666248,36,1382,Lying chest
109,4,2026-08-29 16:24:35.960 +0200,12,0,0.02436392308896254,0.049585864646260684,7.067140228219654,-50.89800851982247,36,1395,Lying chest
110,4,2026-08-29 16:24:36.960 +0200,13,0,0.02218446168086828,0.06997667758562087,7.320132944572196,-50.17116165603378,36,1407,Lying chest
111,4,2026-08-29 16:24:37.960 +0200,12,0,0.017920326105683903,0.03212642541832661,7.387760402373147,-49.526810596771774,36,1420,Lying chest
112,4,2026-08-29 16:24:38.960 +0200,13,0,0.020738244297304514,0.04773654489533157,7.435291777312433,-49.28913310533848,36,1432,Lying chest
113,4,2026-08-29 16:24:39.960 +0200,12,0,0.025026168156490534,0.04029383974155558,7.486593076709291,-49.07182640789076,36,1445,Lying chest
114,4,2026-08-29 16:24:40.960 +0200,13,0,0.022359161193612833,0.04844006882285436,7.497443348824551,-48.60245613029825,36,1457,Lying chest
115,4,2026-08-29 16:24:41.960 +0200,12,0,0.03038315721187367,0.05731617547815954,7.685636392975236,-48.4877878599695,36,1470,Lying chest
116,4,2026-08-29 16:24:42.960 +0200,13,0,0.028510953328667026,0.045690173539241014,8.009662537565593,-48.23891327325248,36,1482,Lying chest
117,4,2026-08-29 16:24:43.960 +0200,12,0,0.17913241460809062,0.31708297739915425,7.309542933287634,-49.242033754295484,36,1495,Lying chest
118,4,2026-08-29 16:24:44.960 +0200,13,0,0.19551667552564467,0.35466837111325844,2.9040143656844837,-52.41589314451947,36,1507,Lying chest
119,4,2026-08-29 16:24:45.960 +0200,12,0,0.06664577788928892,0.10957631477874412,-4.4682338264105965,-52.583331333236806,36,1520,Lying chest
120,4,2026-08-29 16:24:46.960 +0200,13,0,0.020766230326596528,0.046706591398690496,-8.194281085860815,-50.83056690975099,36,1532,Lying chest
121,4,2026-08-29 16:24:47.960 +0200,12,0,0.017572304796007875,0.027000899723744833,-7.815698814033065,-50.6849838719742,36,1545,Lying chest
122,4,2026-08-29 16:24:48.960 +0200,13,0,0.024012160989764574,0.07160749744847983,-7.499538097088918,-50.44048260538092,36,1557,Lying chest
123,4,2026-08-29 16:24:49.960 +0200,12,0,0.06744480155708811,0.12124281655495045,-6.888672315981189,-50.04716361411982,36,1570,Lying chest
124,4,2026-08-29 16:24:50.960 +0200,13,0,0.12196700045900911,0.21242235885851218,-5.399645316260617,-51.98614279261005,36,1582,Lying chest
125,4,2026-08-29 16:24:51.960 +0200,12,0,0.12407732292183739,0.19326124323650998,0.03666925945833136,-52.63912255016777,36,1595,Lying chest
126,4,2026-08-29 16:24:52.960 +0200,13,0,0.03001735779093704,0.057539890591527657,4.505798454815377,-49.742804891744285,36,1607,Lying chest
127,4,2026-08-29 16:24:53.960 +0200,12,0,0.025300508799583444,0.038951545912849904,4.33113897370951,-48.908509639410816,36,1620,Lying chest
128,4,2026-08-29 16:24:54.960 +0200,13,0,0.02437401759139524,0.05275780932758175,4.207365851815695,-48.85201883975584,36,1632,Lying chest
129,4,2026-08-29 16:24:55.960 +0200,12,0,0.022647276505041235,0.04609820043770989,4.583111384017299,-48.70948882572489,36,1645,Lying chest
130,4,2026-08-29 16:24:56.960 +0200,13,0,0.025141009593814417,0.042118266906096186,5.131939716965121,-48.237417856778976,36,1657,Lying chest
131,4,2026-08-29 16:24:57.960 +0200,12,0,0.01958259770906282,0.03135310482791391,5.392849756707952,-47.624032025240744,36,1670,Lying chest
132,4,2026-08-29 16:24:58.960 +0200,13,0,0.022141221341105095,0.04340075056639998,5.441307011876493,-47.449983276773764,36,1682,Lying chest
133,4,2026-08-29 16:24:59.960 +0200,1,0,0.017056430086308316,0.017056430086308316,5.517807015361384,-47.522844738717254,36,1695,Lying chest
